ID,Blood_Group,location,email,Month_Since_Last_Donation,Body_Temperature,Hemoglobin_content,Weight
936,AB-,Kochi,sharbin1999@gmail.com,6,36.22,12.62,56.0
555,AB-,Kalamassery,littinrajan@gmail.com,1,37.35,12.2,49.0
132,AB-,Aluva,santosh@techversantinfo.com,6,36.0,13.0,72.0
997,A-,Perumbavoor,sreeragkolath@gmail.com,1,37.77,12.95,68.0
790,A-,Paravur,littinrajan@gmail.com,13,38.76,14.75,51.0
987,A-,Muvattupuzha,sreeragkolath@gmail.com,10,38.57,14.25,58.0
917,A-,Piravom,littinrajan@gmail.com,1,37.5,12.0,70.0
75,A-,Piravom,sharbin1999@gmail.com,15,38.33,13.17,79.0
560,A-,Perumbavoor,sharbin1999@gmail.com,5,36.28,12.84,62.0
753,A-,Kochi,sharbin1999@gmail.com,7,37.38,14.74,73.0
712,A-,Kothamangalam,sreeragkolath@gmail.com,7,34.0,12.0,61.27
672,B-,Kalamassery,sharbin1999@gmail.com,11,35.74,13.67,67.0
298,B-,Aluva,sharbin1999@gmail.com,13,37.31,14.48,57.0
728,B-,Perumbavoor,sharbin1999@gmail.com,1,36.17,12.68,60.0
578,B-,Muvattupuzha,shanithshaji97@gmail.com,13,36.12,14.63,67.0
765,B-,Kalamassery,sreeragkolath@gmail.com,4,37.4,12.8,67.0
618,B-,Perumbavoor,littinrajan@gmail.com,5,37.01,14.49,47.0
410,B-,Koothattukulam,sreeragkolath@gmail.com,10,36.67,13.95,51.0
875,B-,Aluva,shanithshaji97@gmail.com,5,38.2,12.38,63.0
587,B-,Thrikkakara,sreeragkolath@gmail.com,12,36.87,13.87,85.0
386,O-,Thripunithura,sreeragkolath@gmail.com,13,38.75,13.96,89.0
588,O-,Thripunithura,sharbin1999@gmail.com,4,38.74,14.06,49.0
312,A+,kadavanthra,shanithshaji97@gmail.com,6,37.9,13.0,62.0
121,A+,kothamangalam,sreeragkolath@gmail.com,4,32.0,13.0,58.0
724,B+,Koothattukulam,sreeragkolath@gmail.com,15,38.68,13.36,83.0
549,B+,Thripunithura,sreeragkolath@gmail.com,18,37.75,13.61,58.0
278,B+,Kothamangalam,shanithshaji97@gmail.com,8,37.78,13.21,66.0
169,B+,Aluva,santosh@techversantinfo.com,8,36.28,12.7,71.0
517,B+,Thrikkakara,littinrajan@gmail.com,13,36.18,14.31,50.0
891,B+,Muvattupuzha,littinrajan@gmail.com,7,38.8,13.0,75.0
766,B+,Kochi,shanithshaji97@gmail.com,5,37.0,13.3,67.0
106,B+,Kalamassery,sharbin1999@gmail.com,10,38.24,13.17,78.0
963,B+,Muvattupuzha,shanithshaji97@gmail.com,1,36.21,13.4,53.0
123,B+,Muvattupuzha,sharbin1999@gmail.com,5,37.33,12.77,55.0
628,B+,Perumbavoor,sreeragkolath@gmail.com,16,38.56,13.77,85.0
281,B+,Kochi,shanithshaji97@gmail.com,14,35.9,13.06,68.0
845,B+,Kothamangalam,shanithshaji97@gmail.com,13,35.86,12.81,70.0
821,B+,Kothamangalam,sharbin1999@gmail.com,17,36.87,12.84,83.0
633,B+,Kochi,sreeragkolath@gmail.com,18,38.62,13.24,57.0
700,B+,kadavanthra,sharbin1999@gmail.com,7,37.9,12.0,62.0
363,AB+,Kothamangalam,shanithshaji97@gmail.com,9,37.85,14.04,58.0
972,AB+,Koothattukulam,sharbin1999@gmail.com,11,37.11,14.44,82.0
399,AB+,Piravom,shanithshaji97@gmail.com,16,38.55,13.49,72.0
841,AB+,Thrikkakara,littinrajan@gmail.com,3,36.65,12.84,76.0
916,AB+,Paravur,sharbin1999@gmail.com,17,37.13,12.87,81.0
940,AB+,Thrikkakara,littinrajan@gmail.com,10,37.42,12.86,46.0
408,AB+,Koothattukulam,shanithshaji97@gmail.com,5,37.86,14.46,75.0
125,AB+,Koothattukulam,sreeragkolath@gmail.com,11,37.26,14.23,59.0
688,AB+,Muvattupuzha,shanithshaji97@gmail.com,17,38.66,14.12,51.0
447,O+,Koothattukulam,littinrajan@gmail.com,7,37.19,12.1,68.0
435,O+,Piravom,littinrajan@gmail.com,10,38.29,13.73,80.0
268,O+,Koothattukulam,sreeragkolath@gmail.com,3,38.79,14.14,77.0
588,O+,Thrikkakara,shanithshaji97@gmail.com,18,36.3,13.46,74.0
187,O+,Kakkand,sreeragkolath@gmail.com,7,37.9,13.0,62.0
231,O+,Aluva,sreeragkolath@gmail.com,6,37.0,13.0,54.0
