ID,Month_Since_Last_Donation,Body_Temperature,Hemoglobin_Content,Weight,Donate_Blood
447,7,37.19,12.1,68,0
724,15,38.68,13.36,83,0
363,9,37.85,14.04,58,0
972,11,37.11,14.44,82,1
549,18,37.75,13.61,58,0
278,8,37.78,13.21,66,0
672,11,35.74,13.67,67,1
997,1,37.77,12.95,68,0
169,8,36.28,12.7,71,1
936,6,36.22,12.62,56,1
134,14,36.15,13.34,47,0
399,16,38.55,13.49,72,0
298,13,37.31,14.48,57,1
728,1,36.17,12.68,60,0
435,10,38.29,13.73,80,0
841,3,36.65,12.84,76,1
790,13,38.76,14.75,51,0
517,13,36.18,14.31,50,1
987,10,38.57,14.25,58,0
578,13,36.12,14.63,67,1
916,17,37.13,12.87,81,1
